flight_number,destination,status,departure_time,zone,gate_number,temperature
LO510,Nowy Jork,Planowany,2025-01-14 13:20:44,Schengen,B3,4.5
AF672,Oslo,Odwołany,2025-01-14 06:06:44,Non-Schengen,G4,29.4
LO804,Madryt,Odprawa,2025-01-14 05:09:44,Non-Schengen,F17,0.8
AF429,Londyn,Opóźniony,2025-01-14 07:25:44,Non-Schengen,E10,30.4
LH322,Tokio,Opóźniony,2025-01-14 07:07:44,Schengen,F6,-4.7
AF689,Nowy Jork,Odprawa,2025-01-14 09:58:44,Schengen,F2,30.6
AF553,Paryż,Odwołany,2025-01-14 09:19:44,Schengen,H2,5.1
AF148,Nowy Jork,Odprawa,2025-01-14 04:08:44,Non-Schengen,F5,-3.5
LH148,Nowy Jork,Odwołany,2025-01-14 10:39:44,Schengen,H15,-2.0
FR753,Berlin,Odwołany,2025-01-14 07:22:44,Non-Schengen,C10,-2.9
LO633,Tokio,Odwołany,2025-01-14 10:40:44,Schengen,G16,15.5
FR550,Moskwa,Odwołany,2025-01-14 05:08:44,Schengen,A5,26.0
LO236,Warszawa,Odprawa,2025-01-14 13:33:44,Non-Schengen,H1,8.9
FR758,Paryż,Planowany,2025-01-14 12:24:44,Non-Schengen,F11,21.0
AF889,Nowy Jork,Planowany,2025-01-14 04:49:44,Schengen,D17,-6.3
BA721,Londyn,Planowany,2025-01-14 12:44:44,Non-Schengen,D18,18.9
AF193,Nowy Jork,Odwołany,2025-01-14 06:15:44,Non-Schengen,H13,14.0
LO368,Londyn,Odwołany,2025-01-14 04:49:44,Non-Schengen,C12,6.0
LH417,Londyn,Odprawa,2025-01-14 05:46:44,Non-Schengen,H15,11.3
BA341,Londyn,Opóźniony,2025-01-14 07:05:44,Non-Schengen,F2,-4.6
BA375,Berlin,Odprawa,2025-01-14 12:21:44,Non-Schengen,E12,-1.8
LO495,Madryt,Opóźniony,2025-01-14 05:37:44,Non-Schengen,A4,30.5
AF488,Oslo,Opóźniony,2025-01-14 13:40:44,Schengen,A18,13.5
LH123,Nowy Jork,Odwołany,2025-01-14 09:48:44,Non-Schengen,H11,3.7
BA172,Moskwa,Opóźniony,2025-01-14 07:47:44,Non-Schengen,C14,-5.6
FR368,Tokio,Opóźniony,2025-01-14 13:34:44,Non-Schengen,F14,23.8
LH103,Warszawa,Planowany,2025-01-14 12:07:44,Schengen,A16,14.0
AF504,Madryt,Opóźniony,2025-01-14 10:54:44,Non-Schengen,G8,-0.3
BA387,Nowy Jork,Opóźniony,2025-01-14 09:53:44,Non-Schengen,D5,15.5
LH823,Londyn,Odwołany,2025-01-14 11:13:44,Non-Schengen,D13,17.9
LH463,Moskwa,Planowany,2025-01-14 11:58:44,Non-Schengen,A3,-2.4
LO124,Sydney,Odprawa,2025-01-14 11:35:44,Schengen,B7,12.7
LH432,Tokio,Opóźniony,2025-01-14 04:33:44,Schengen,C4,33.3
LH995,Warszawa,Opóźniony,2025-01-14 08:20:44,Non-Schengen,A17,21.1
LO996,Londyn,Opóźniony,2025-01-14 10:51:44,Schengen,G17,16.4
BA709,Oslo,Planowany,2025-01-14 10:50:44,Non-Schengen,E7,4.6
LO340,Paryż,Planowany,2025-01-14 12:41:44,Non-Schengen,D17,30.4
BA793,Madryt,Opóźniony,2025-01-14 08:21:44,Schengen,D3,-3.5
LH532,Tokio,Odwołany,2025-01-14 07:37:44,Schengen,H8,0.9
LO676,Paryż,Opóźniony,2025-01-14 06:47:44,Non-Schengen,A8,4.4
LH841,Oslo,Opóźniony,2025-01-14 09:52:44,Non-Schengen,C20,32.7
AF764,Madryt,Odprawa,2025-01-14 12:30:44,Schengen,B10,-8.2
AF615,Sydney,Odwołany,2025-01-14 12:01:44,Non-Schengen,B3,20.1
BA607,Warszawa,Opóźniony,2025-01-14 13:49:44,Schengen,C12,21.2
LH527,Londyn,Planowany,2025-01-14 04:11:44,Non-Schengen,B18,25.5
AF142,Londyn,Odprawa,2025-01-14 11:08:44,Schengen,D20,1.7
LH125,Moskwa,Odwołany,2025-01-14 12:34:44,Non-Schengen,H12,8.6
LO293,Warszawa,Odprawa,2025-01-14 13:51:44,Non-Schengen,B4,33.3
BA436,Londyn,Opóźniony,2025-01-14 13:42:44,Non-Schengen,E3,2.9
AF303,Paryż,Odwołany,2025-01-14 05:43:44,Schengen,D2,13.4
LH898,Oslo,Odwołany,2025-01-14 10:14:44,Schengen,D4,-3.2
LO154,Moskwa,Odwołany,2025-01-14 04:56:44,Schengen,C19,-2.2
FR430,Oslo,Odprawa,2025-01-14 05:20:44,Schengen,H14,24.8
BA991,Warszawa,Opóźniony,2025-01-14 06:03:44,Non-Schengen,C18,-8.9
FR447,Moskwa,Odprawa,2025-01-14 09:48:44,Schengen,C14,11.8
AF793,Sydney,Odwołany,2025-01-14 08:41:44,Schengen,G14,34.0
BA196,Nowy Jork,Odwołany,2025-01-14 11:08:44,Non-Schengen,G11,19.7
LO335,Warszawa,Planowany,2025-01-14 06:42:44,Schengen,A3,-5.1
AF504,Paryż,Odprawa,2025-01-14 07:12:44,Non-Schengen,G4,1.5
LO941,Sydney,Planowany,2025-01-14 04:33:44,Schengen,A4,-0.9
LH995,Moskwa,Odprawa,2025-01-14 13:01:44,Non-Schengen,A13,-9.4
AF132,Moskwa,Planowany,2025-01-14 08:22:44,Schengen,H4,3.6
LO708,Madryt,Odwołany,2025-01-14 11:38:44,Schengen,D15,-7.5
LO483,Berlin,Odprawa,2025-01-14 14:06:44,Non-Schengen,A12,-1.3
LO290,Tokio,Planowany,2025-01-14 13:42:44,Non-Schengen,D18,4.0
AF281,Paryż,Odwołany,2025-01-14 07:26:44,Non-Schengen,D12,4.9
BA690,Tokio,Opóźniony,2025-01-14 04:38:44,Non-Schengen,E11,3.3
LH951,Oslo,Odprawa,2025-01-14 10:05:44,Schengen,B1,19.9
FR697,Oslo,Planowany,2025-01-14 13:37:44,Schengen,D16,12.3
LH725,Londyn,Odprawa,2025-01-14 06:50:44,Schengen,G7,-9.5
FR158,Oslo,Opóźniony,2025-01-14 10:21:44,Non-Schengen,C6,30.1
LO234,Nowy Jork,Planowany,2025-01-14 08:40:44,Non-Schengen,F3,33.7
FR497,Berlin,Opóźniony,2025-01-14 10:17:44,Non-Schengen,H6,32.4
AF755,Londyn,Odprawa,2025-01-14 12:12:44,Non-Schengen,G18,22.6
LO901,Londyn,Planowany,2025-01-14 06:42:44,Non-Schengen,H13,18.6
FR151,Sydney,Odprawa,2025-01-14 13:37:44,Schengen,G13,-3.1
LH932,Sydney,Odwołany,2025-01-14 10:54:44,Non-Schengen,C1,-2.4
LH918,Madryt,Planowany,2025-01-14 12:53:44,Schengen,E10,10.0
LH394,Warszawa,Opóźniony,2025-01-14 09:48:44,Non-Schengen,A7,1.2
LH611,Berlin,Planowany,2025-01-14 11:17:44,Schengen,D8,34.2
LH487,Londyn,Planowany,2025-01-14 04:57:44,Schengen,D13,-6.5
AF438,Paryż,Odprawa,2025-01-14 10:09:44,Schengen,F13,9.9
FR120,Berlin,Odprawa,2025-01-14 11:52:44,Schengen,G5,-5.2
BA562,Nowy Jork,Odprawa,2025-01-14 12:03:44,Non-Schengen,B6,-9.2
BA931,Sydney,Odprawa,2025-01-14 13:05:44,Non-Schengen,D2,33.8
AF347,Berlin,Planowany,2025-01-14 08:21:44,Non-Schengen,F8,33.9
BA438,Oslo,Odwołany,2025-01-14 04:39:44,Non-Schengen,A13,11.0
AF255,Paryż,Opóźniony,2025-01-14 08:16:44,Schengen,F7,7.8
AF118,Madryt,Opóźniony,2025-01-14 07:50:44,Non-Schengen,D14,28.5
LH461,Londyn,Odprawa,2025-01-14 13:42:44,Schengen,C11,-9.1
LH434,Sydney,Odwołany,2025-01-14 06:29:44,Schengen,H20,27.4
BA760,Berlin,Odwołany,2025-01-14 12:04:44,Non-Schengen,H14,-6.2
BA495,Berlin,Planowany,2025-01-14 06:34:44,Schengen,B9,-2.8
LO751,Moskwa,Opóźniony,2025-01-14 09:38:44,Non-Schengen,H13,8.5
AF235,Tokio,Opóźniony,2025-01-14 09:16:44,Schengen,F13,19.4
AF577,Madryt,Odwołany,2025-01-14 13:10:44,Non-Schengen,E20,-1.1
LH680,Nowy Jork,Planowany,2025-01-14 04:14:44,Non-Schengen,F7,-6.2
LH391,Warszawa,Planowany,2025-01-14 13:55:44,Schengen,F15,17.3
LH809,Madryt,Planowany,2025-01-14 07:31:44,Non-Schengen,B9,14.3
LH705,Moskwa,Odwołany,2025-01-14 06:50:44,Schengen,E5,2.5
FR551,Moskwa,Odprawa,2025-01-14 11:40:44,Schengen,G7,14.6
AF955,Tokio,Opóźniony,2025-01-14 04:32:44,Schengen,G19,16.6
FR724,Sydney,Opóźniony,2025-01-14 13:31:44,Non-Schengen,H16,-4.5
FR646,Tokio,Odprawa,2025-01-14 12:03:44,Non-Schengen,D4,3.0
AF907,Berlin,Odwołany,2025-01-14 04:17:44,Non-Schengen,F11,1.8
FR179,Paryż,Odwołany,2025-01-14 11:35:44,Schengen,B20,23.9
AF873,Paryż,Odwołany,2025-01-14 07:10:44,Schengen,C20,20.9
LH374,Londyn,Planowany,2025-01-14 09:14:44,Non-Schengen,D6,17.0
LH496,Berlin,Odwołany,2025-01-14 05:27:44,Non-Schengen,D16,1.8
FR356,Warszawa,Planowany,2025-01-14 11:39:44,Schengen,E14,17.6
AF334,Sydney,Opóźniony,2025-01-14 06:54:44,Schengen,C7,12.5
LO933,Tokio,Odprawa,2025-01-14 12:08:44,Non-Schengen,B3,-6.6
BA202,Londyn,Opóźniony,2025-01-14 13:37:44,Non-Schengen,F7,8.7
LH544,Madryt,Odprawa,2025-01-14 06:32:44,Schengen,D14,21.1
LO617,Madryt,Planowany,2025-01-14 13:23:44,Non-Schengen,C10,5.3
AF112,Madryt,Planowany,2025-01-14 07:13:44,Schengen,A11,1.1
FR927,Moskwa,Planowany,2025-01-14 09:55:44,Non-Schengen,B7,18.1
LO976,Sydney,Opóźniony,2025-01-14 13:45:44,Schengen,C8,5.9
FR973,Londyn,Odprawa,2025-01-14 06:41:44,Schengen,A1,26.0
LH568,Oslo,Opóźniony,2025-01-14 08:36:44,Non-Schengen,H20,30.3
FR601,Oslo,Odwołany,2025-01-14 04:57:44,Schengen,F8,1.7
LH422,Paryż,Planowany,2025-01-14 09:53:44,Non-Schengen,B4,6.2
BA322,Berlin,Odprawa,2025-01-14 12:21:44,Non-Schengen,F2,33.6
BA339,Berlin,Odprawa,2025-01-14 09:29:44,Schengen,E3,30.2
BA370,Londyn,Opóźniony,2025-01-14 13:01:44,Schengen,C8,-6.3
AF985,Paryż,Odprawa,2025-01-14 13:32:44,Schengen,C2,22.8
LH864,Nowy Jork,Odprawa,2025-01-14 06:10:44,Schengen,C11,-1.3
LH668,Moskwa,Odprawa,2025-01-14 08:30:44,Non-Schengen,A19,26.7
LH945,Nowy Jork,Odwołany,2025-01-14 06:23:44,Non-Schengen,B4,5.4
LO826,Nowy Jork,Planowany,2025-01-14 04:46:44,Schengen,A9,6.1
AF356,Tokio,Odprawa,2025-01-14 04:33:44,Schengen,B3,-7.4
LO221,Oslo,Odwołany,2025-01-14 13:50:44,Schengen,F6,22.3
BA572,Paryż,Opóźniony,2025-01-14 10:49:44,Schengen,C16,-2.4
LO879,Sydney,Odprawa,2025-01-14 12:11:44,Schengen,C12,5.9
LH272,Moskwa,Odprawa,2025-01-14 04:42:44,Non-Schengen,D11,34.5
AF106,Oslo,Opóźniony,2025-01-14 13:22:44,Schengen,D10,34.2
LH966,Sydney,Odwołany,2025-01-14 06:50:44,Schengen,H20,-3.1
LH882,Sydney,Opóźniony,2025-01-14 10:52:44,Schengen,H5,8.2
LH133,Moskwa,Odprawa,2025-01-14 08:48:44,Schengen,C12,29.6
LH533,Moskwa,Planowany,2025-01-14 13:01:44,Schengen,H7,-1.9
BA832,Sydney,Opóźniony,2025-01-14 10:41:44,Non-Schengen,A8,22.0
BA293,Oslo,Odprawa,2025-01-14 05:15:44,Non-Schengen,F4,-8.5
LH804,Tokio,Odwołany,2025-01-14 07:16:44,Schengen,D11,15.0
LO189,Oslo,Odprawa,2025-01-14 13:34:44,Non-Schengen,A8,10.7
LH916,Madryt,Opóźniony,2025-01-14 09:30:44,Non-Schengen,C5,20.5
LO162,Oslo,Opóźniony,2025-01-14 05:55:44,Schengen,F4,22.4
BA165,Oslo,Opóźniony,2025-01-14 07:59:44,Non-Schengen,F6,5.1
AF784,Oslo,Odprawa,2025-01-14 08:18:44,Non-Schengen,H8,5.3
LH335,Paryż,Opóźniony,2025-01-14 05:34:44,Schengen,D19,15.4
LO614,Warszawa,Odwołany,2025-01-14 12:41:44,Schengen,C19,11.8
FR772,Oslo,Opóźniony,2025-01-14 11:32:44,Non-Schengen,E11,34.4
LH952,Nowy Jork,Odprawa,2025-01-14 11:04:44,Schengen,E19,18.0
LH983,Nowy Jork,Odprawa,2025-01-14 10:19:44,Schengen,B15,15.8
BA414,Warszawa,Opóźniony,2025-01-14 13:51:44,Non-Schengen,A20,-7.7
FR590,Madryt,Odprawa,2025-01-14 10:39:44,Schengen,E18,7.6
BA141,Tokio,Odprawa,2025-01-14 05:29:44,Schengen,B10,-4.3
LH872,Berlin,Planowany,2025-01-14 13:43:44,Schengen,H20,6.5
BA268,Oslo,Planowany,2025-01-14 08:45:44,Non-Schengen,F3,31.5
LO848,Paryż,Opóźniony,2025-01-14 12:04:44,Non-Schengen,F6,13.0
AF350,Madryt,Odprawa,2025-01-14 04:10:44,Schengen,D11,8.5
BA329,Warszawa,Opóźniony,2025-01-14 10:28:44,Schengen,F13,1.2
LH566,Nowy Jork,Opóźniony,2025-01-14 11:39:44,Schengen,G5,13.0
AF914,Berlin,Odwołany,2025-01-14 09:17:44,Schengen,F7,-4.8
LO713,Nowy Jork,Odwołany,2025-01-14 05:53:44,Schengen,F7,-4.8
LO674,Paryż,Planowany,2025-01-14 06:23:44,Schengen,G11,-5.2
FR281,Nowy Jork,Odwołany,2025-01-14 13:34:44,Non-Schengen,F7,25.9
LO360,Madryt,Opóźniony,2025-01-14 12:39:44,Non-Schengen,D7,26.2
AF673,Berlin,Odwołany,2025-01-14 13:21:44,Schengen,C9,28.0
LO499,Oslo,Odprawa,2025-01-14 09:01:44,Non-Schengen,A12,11.8
LH427,Moskwa,Odwołany,2025-01-14 11:13:44,Non-Schengen,G9,15.7
LO142,Sydney,Opóźniony,2025-01-14 07:10:44,Non-Schengen,E2,-2.2
BA806,Warszawa,Odprawa,2025-01-14 10:04:44,Schengen,A8,9.9
FR476,Berlin,Opóźniony,2025-01-14 04:12:44,Schengen,A4,-7.8
LO234,Londyn,Odprawa,2025-01-14 08:25:44,Non-Schengen,G20,33.9
LO402,Berlin,Odwołany,2025-01-14 13:36:44,Schengen,G15,30.0
AF194,Paryż,Opóźniony,2025-01-14 11:41:44,Schengen,E12,31.1
LO340,Berlin,Odwołany,2025-01-14 05:30:44,Non-Schengen,F12,0.2
AF846,Londyn,Opóźniony,2025-01-14 08:19:44,Non-Schengen,G2,15.4
FR178,Nowy Jork,Planowany,2025-01-14 05:49:44,Schengen,B6,-0.2
BA868,Moskwa,Odprawa,2025-01-14 05:54:44,Non-Schengen,G8,0.5
AF814,Tokio,Odwołany,2025-01-14 13:48:44,Schengen,G16,21.9
AF926,Nowy Jork,Opóźniony,2025-01-14 12:56:44,Non-Schengen,F15,-5.0
AF642,Oslo,Odwołany,2025-01-14 04:40:44,Schengen,E12,2.3
LH836,Tokio,Odprawa,2025-01-14 10:37:44,Non-Schengen,G1,1.3
LO440,Berlin,Odprawa,2025-01-14 07:43:44,Non-Schengen,F13,-9.6
LO987,Nowy Jork,Planowany,2025-01-14 07:40:44,Schengen,G20,29.6
FR977,Nowy Jork,Planowany,2025-01-14 10:30:44,Non-Schengen,B15,9.5
LH760,Warszawa,Odwołany,2025-01-14 12:27:44,Schengen,H3,30.7
AF916,Londyn,Planowany,2025-01-14 12:25:44,Schengen,G8,34.0
AF529,Sydney,Odwołany,2025-01-14 09:13:44,Non-Schengen,B4,34.0
LO362,Paryż,Odwołany,2025-01-14 12:23:44,Non-Schengen,C5,14.8
LO100,Paryż,Opóźniony,2025-01-14 07:05:44,Non-Schengen,D3,16.9
BA271,Sydney,Planowany,2025-01-14 10:16:44,Schengen,F18,5.5
BA140,Warszawa,Odprawa,2025-01-14 11:20:44,Schengen,D5,8.1
FR863,Nowy Jork,Opóźniony,2025-01-14 06:20:44,Schengen,B2,7.6
LH215,Warszawa,Planowany,2025-01-14 05:27:44,Non-Schengen,D14,4.8
BA846,Paryż,Odprawa,2025-01-14 05:20:44,Schengen,C16,28.6
LO713,Moskwa,Planowany,2025-01-14 04:53:44,Non-Schengen,C17,-6.5
FR510,Sydney,Opóźniony,2025-01-14 05:05:44,Schengen,D3,-9.7
LH304,Warszawa,Opóźniony,2025-01-14 04:48:44,Schengen,G10,-3.4
BA436,Paryż,Odwołany,2025-01-14 13:23:44,Schengen,C9,4.3
AF467,Londyn,Odwołany,2025-01-14 04:12:44,Non-Schengen,G10,4.2
LH601,Moskwa,Opóźniony,2025-01-14 10:55:44,Non-Schengen,A2,15.5
LH847,Madryt,Odprawa,2025-01-14 12:41:44,Non-Schengen,A11,14.5
BA309,Nowy Jork,Odwołany,2025-01-14 13:46:44,Non-Schengen,E1,-7.4
FR543,Oslo,Odprawa,2025-01-14 12:16:44,Non-Schengen,F8,-8.5
FR754,Madryt,Odprawa,2025-01-14 06:11:44,Schengen,F2,8.4
LO287,Madryt,Odprawa,2025-01-14 04:42:44,Non-Schengen,H7,12.5
LH867,Sydney,Opóźniony,2025-01-14 07:40:44,Non-Schengen,G7,12.4
LH322,Londyn,Odprawa,2025-01-14 07:19:44,Schengen,A20,32.9
AF359,Nowy Jork,Planowany,2025-01-14 13:01:44,Schengen,F12,30.7
AF731,Berlin,Odwołany,2025-01-14 06:11:44,Schengen,F2,9.2
FR725,Paryż,Opóźniony,2025-01-14 10:09:44,Schengen,A1,2.7
LO747,Madryt,Opóźniony,2025-01-14 11:57:44,Non-Schengen,D5,30.4
FR483,Berlin,Odprawa,2025-01-14 07:02:44,Schengen,B10,-4.1
FR417,Warszawa,Opóźniony,2025-01-14 04:40:44,Schengen,E1,32.4
FR987,Berlin,Odwołany,2025-01-14 09:17:44,Non-Schengen,E5,15.6
BA467,Nowy Jork,Odwołany,2025-01-14 12:35:44,Schengen,F3,33.3
FR720,Sydney,Opóźniony,2025-01-14 11:23:44,Non-Schengen,A6,33.8
BA523,Oslo,Odwołany,2025-01-14 08:18:44,Schengen,G8,30.8
BA665,Sydney,Odprawa,2025-01-14 09:31:44,Schengen,E8,9.4
FR175,Moskwa,Odprawa,2025-01-14 06:12:44,Schengen,H5,-4.7
FR243,Londyn,Planowany,2025-01-14 07:05:44,Schengen,B17,15.6
LH354,Sydney,Opóźniony,2025-01-14 11:14:44,Non-Schengen,E7,23.1
AF666,Berlin,Odwołany,2025-01-14 11:06:44,Schengen,C8,28.4
FR297,Madryt,Odprawa,2025-01-14 13:54:44,Non-Schengen,H17,21.1
AF473,Oslo,Planowany,2025-01-14 05:44:44,Non-Schengen,G15,14.6
LH130,Tokio,Odprawa,2025-01-14 04:30:44,Non-Schengen,C9,24.8
FR962,Nowy Jork,Odprawa,2025-01-14 04:50:44,Schengen,C8,-4.6
FR343,Oslo,Opóźniony,2025-01-14 05:54:44,Non-Schengen,F14,-7.6
BA661,Nowy Jork,Odwołany,2025-01-14 04:41:44,Schengen,G13,25.3
LH886,Madryt,Odprawa,2025-01-14 13:57:44,Schengen,B14,20.7
AF648,Sydney,Planowany,2025-01-14 04:59:44,Schengen,G4,13.6
LH960,Moskwa,Odwołany,2025-01-14 09:35:44,Schengen,D3,32.0
LH954,Warszawa,Odprawa,2025-01-14 12:01:44,Schengen,A6,21.4
BA409,Oslo,Opóźniony,2025-01-14 09:03:44,Non-Schengen,B7,19.2
AF249,Moskwa,Opóźniony,2025-01-14 05:21:44,Non-Schengen,D14,5.2
AF959,Londyn,Opóźniony,2025-01-14 12:29:44,Schengen,B7,13.7
FR132,Madryt,Planowany,2025-01-14 12:22:44,Schengen,F15,11.0
LH477,Warszawa,Odprawa,2025-01-14 09:24:44,Schengen,A3,-4.6
BA742,Warszawa,Planowany,2025-01-14 09:26:44,Schengen,A8,4.2
LH545,Paryż,Planowany,2025-01-14 06:26:44,Non-Schengen,B3,12.8
BA450,Moskwa,Planowany,2025-01-14 05:39:44,Schengen,G12,27.2
BA785,Tokio,Odprawa,2025-01-14 04:42:44,Schengen,H10,24.2
LO519,Londyn,Opóźniony,2025-01-14 08:00:44,Schengen,H20,1.4
LH295,Madryt,Planowany,2025-01-14 13:18:44,Schengen,C2,-3.9
FR605,Warszawa,Odprawa,2025-01-14 13:46:44,Schengen,D4,24.8
LH961,Warszawa,Opóźniony,2025-01-14 04:08:44,Non-Schengen,G14,13.5
FR831,Madryt,Opóźniony,2025-01-14 09:01:44,Schengen,C12,21.0
AF332,Oslo,Odwołany,2025-01-14 05:04:44,Non-Schengen,F6,9.3
FR764,Madryt,Odprawa,2025-01-14 07:26:44,Schengen,A17,1.1
LH549,Nowy Jork,Opóźniony,2025-01-14 08:27:44,Non-Schengen,B18,3.5
AF613,Paryż,Odprawa,2025-01-14 05:14:44,Schengen,E20,11.0
BA766,Londyn,Odwołany,2025-01-14 11:03:44,Non-Schengen,D13,-7.2
LH627,Madryt,Opóźniony,2025-01-14 13:44:44,Non-Schengen,E18,3.8
AF772,Paryż,Planowany,2025-01-14 12:33:44,Schengen,E10,-7.6
BA843,Nowy Jork,Planowany,2025-01-14 12:02:44,Schengen,B1,14.6
FR194,Berlin,Opóźniony,2025-01-14 11:36:44,Non-Schengen,G19,21.3
AF920,Warszawa,Opóźniony,2025-01-14 05:46:44,Non-Schengen,B3,-7.3
AF624,Londyn,Odprawa,2025-01-14 06:46:44,Non-Schengen,D2,24.7
LO127,Londyn,Opóźniony,2025-01-14 08:52:44,Schengen,D14,13.3
LH777,Sydney,Odwołany,2025-01-14 04:26:44,Non-Schengen,D4,11.9
LO770,Londyn,Odwołany,2025-01-14 10:56:44,Schengen,G13,-5.4
AF428,Warszawa,Opóźniony,2025-01-14 12:15:44,Schengen,H13,1.5
LO960,Tokio,Opóźniony,2025-01-14 06:08:44,Schengen,D17,12.4
LO439,Berlin,Odprawa,2025-01-14 08:39:44,Schengen,D6,-4.8
LO179,Londyn,Planowany,2025-01-14 06:22:44,Non-Schengen,A10,30.7
LH446,Berlin,Odprawa,2025-01-14 09:42:44,Non-Schengen,G16,29.6
FR550,Londyn,Odwołany,2025-01-14 12:53:44,Schengen,D4,10.3
LH804,Tokio,Odprawa,2025-01-14 11:51:44,Schengen,E5,-6.0
BA137,Oslo,Odprawa,2025-01-14 08:19:44,Non-Schengen,F2,22.4
AF389,Oslo,Planowany,2025-01-14 10:41:44,Non-Schengen,A7,17.9
FR231,Londyn,Planowany,2025-01-14 13:10:44,Non-Schengen,B13,16.4
LH196,Paryż,Opóźniony,2025-01-14 05:28:44,Non-Schengen,E16,13.9
BA858,Paryż,Odwołany,2025-01-14 05:42:44,Non-Schengen,H15,15.5
LO259,Berlin,Odwołany,2025-01-14 08:20:44,Schengen,A3,4.6
LH593,Berlin,Opóźniony,2025-01-14 06:44:44,Non-Schengen,C9,0.3
LO640,Sydney,Opóźniony,2025-01-14 04:34:44,Non-Schengen,A2,-8.5
LH348,Londyn,Odprawa,2025-01-14 11:42:44,Non-Schengen,E17,9.0
AF599,Tokio,Odwołany,2025-01-14 05:21:44,Non-Schengen,B13,7.9
FR153,Oslo,Opóźniony,2025-01-14 06:23:44,Non-Schengen,D2,12.3
AF889,Nowy Jork,Odprawa,2025-01-14 07:11:44,Schengen,A14,14.9
BA420,Tokio,Odprawa,2025-01-14 07:53:44,Non-Schengen,C3,33.9
BA482,Oslo,Odwołany,2025-01-14 04:22:44,Non-Schengen,F20,-7.1
LO343,Sydney,Planowany,2025-01-14 06:15:44,Schengen,B16,29.8
AF953,Madryt,Odwołany,2025-01-14 13:20:44,Schengen,D6,28.0
AF777,Madryt,Odprawa,2025-01-14 10:51:44,Schengen,H10,16.4
AF387,Londyn,Opóźniony,2025-01-14 11:18:44,Non-Schengen,E5,21.1
LH663,Paryż,Odprawa,2025-01-14 08:03:44,Non-Schengen,A13,3.8
FR418,Paryż,Opóźniony,2025-01-14 05:47:44,Schengen,H12,7.2
LO225,Paryż,Odwołany,2025-01-14 06:10:44,Schengen,D20,20.5
AF620,Oslo,Odwołany,2025-01-14 06:53:44,Schengen,G16,0.4
FR253,Warszawa,Planowany,2025-01-14 12:17:44,Schengen,G14,18.7
FR358,Moskwa,Opóźniony,2025-01-14 07:12:44,Non-Schengen,D11,28.5
LO161,Nowy Jork,Opóźniony,2025-01-14 08:39:44,Schengen,A17,-7.8
LO144,Berlin,Odprawa,2025-01-14 06:12:44,Schengen,A10,32.6
AF831,Nowy Jork,Opóźniony,2025-01-14 12:51:44,Schengen,A2,8.6
AF585,Paryż,Opóźniony,2025-01-14 12:57:44,Non-Schengen,B11,1.7
FR170,Madryt,Odprawa,2025-01-14 13:03:44,Schengen,A8,20.2
LO212,Tokio,Odprawa,2025-01-14 07:19:44,Non-Schengen,E1,21.0
AF543,Londyn,Opóźniony,2025-01-14 07:37:44,Non-Schengen,C16,4.7
LH290,Londyn,Odprawa,2025-01-14 06:20:44,Schengen,H8,11.2
FR675,Berlin,Opóźniony,2025-01-14 06:48:44,Non-Schengen,B8,22.4
LO378,Sydney,Planowany,2025-01-14 12:54:44,Non-Schengen,A6,-0.3
LH616,Madryt,Planowany,2025-01-14 13:14:44,Schengen,B18,33.3
FR932,Berlin,Odwołany,2025-01-14 08:27:44,Schengen,H18,33.7
FR900,Moskwa,Odprawa,2025-01-14 04:19:44,Non-Schengen,A5,-4.5
BA515,Oslo,Odwołany,2025-01-14 07:41:44,Non-Schengen,C13,15.5
FR948,Madryt,Odprawa,2025-01-14 13:06:44,Schengen,E15,2.9
LO544,Tokio,Odwołany,2025-01-14 12:24:44,Non-Schengen,E11,-5.3
AF920,Nowy Jork,Planowany,2025-01-14 08:27:44,Schengen,B3,31.1
LH755,Paryż,Odwołany,2025-01-14 06:49:44,Schengen,F15,0.3
AF870,Paryż,Odwołany,2025-01-14 13:11:44,Schengen,C16,-0.1
FR369,Tokio,Odwołany,2025-01-14 06:05:44,Non-Schengen,H8,28.6
LO943,Paryż,Odwołany,2025-01-14 07:45:44,Schengen,C8,-2.1
BA698,Paryż,Odwołany,2025-01-14 13:33:44,Schengen,E1,0.0
FR240,Moskwa,Odprawa,2025-01-14 04:35:44,Schengen,B15,32.8
LH484,Berlin,Odwołany,2025-01-14 12:27:44,Non-Schengen,E3,34.2
LO386,Paryż,Odprawa,2025-01-14 06:58:44,Schengen,A11,0.4
AF396,Madryt,Odprawa,2025-01-14 07:23:44,Non-Schengen,F12,29.9
LO409,Paryż,Opóźniony,2025-01-14 13:14:44,Non-Schengen,B16,9.1
FR474,Sydney,Opóźniony,2025-01-14 07:47:44,Schengen,H16,-1.7
BA726,Warszawa,Odwołany,2025-01-14 09:14:44,Non-Schengen,D14,-8.8
LO592,Berlin,Odwołany,2025-01-14 07:18:44,Schengen,B17,-1.2
BA310,Madryt,Opóźniony,2025-01-14 05:17:44,Non-Schengen,H10,7.1
AF111,Sydney,Planowany,2025-01-14 05:09:44,Schengen,G15,2.3
AF876,Londyn,Planowany,2025-01-14 11:15:44,Non-Schengen,E3,28.2
LH331,Sydney,Planowany,2025-01-14 06:20:44,Schengen,F17,-3.1
LO550,Berlin,Odprawa,2025-01-14 14:00:44,Non-Schengen,A3,28.7
LH495,Nowy Jork,Planowany,2025-01-14 13:45:44,Non-Schengen,G19,16.4
BA760,Tokio,Planowany,2025-01-14 11:43:44,Schengen,C4,-1.4
LO924,Paryż,Opóźniony,2025-01-14 13:19:44,Schengen,D17,19.8
LH946,Nowy Jork,Odprawa,2025-01-14 08:33:44,Schengen,E15,22.2
LH576,Warszawa,Opóźniony,2025-01-14 13:09:44,Schengen,G1,16.4
LH523,Paryż,Planowany,2025-01-14 05:57:44,Schengen,F17,2.1
AF233,Oslo,Planowany,2025-01-14 11:39:44,Non-Schengen,D10,19.3
LO543,Oslo,Odwołany,2025-01-14 06:43:44,Non-Schengen,D19,25.4
LO915,Berlin,Odprawa,2025-01-14 11:37:44,Schengen,E7,19.6
LO319,Oslo,Odprawa,2025-01-14 05:31:44,Non-Schengen,G17,14.6
AF530,Madryt,Opóźniony,2025-01-14 13:15:44,Non-Schengen,G10,-8.6
FR829,Londyn,Planowany,2025-01-14 13:39:44,Non-Schengen,H14,3.3
LO828,Madryt,Planowany,2025-01-14 09:37:44,Non-Schengen,A5,33.0
AF448,Paryż,Planowany,2025-01-14 13:45:44,Schengen,G8,1.9
LO672,Berlin,Odwołany,2025-01-14 05:59:44,Non-Schengen,D16,28.2
LH885,Madryt,Planowany,2025-01-14 06:14:44,Schengen,D17,-1.7
BA451,Oslo,Planowany,2025-01-14 13:25:44,Schengen,D13,20.8
AF117,Moskwa,Planowany,2025-01-14 12:42:44,Non-Schengen,D13,16.3
BA798,Berlin,Odwołany,2025-01-14 08:51:44,Non-Schengen,F3,-9.2
FR662,Paryż,Odwołany,2025-01-14 07:39:44,Schengen,H7,-6.3
FR842,Oslo,Odprawa,2025-01-14 11:56:44,Schengen,F20,34.2
AF589,Nowy Jork,Odprawa,2025-01-14 13:34:44,Non-Schengen,E12,23.1
BA775,Berlin,Odprawa,2025-01-14 12:24:44,Schengen,F1,34.3
AF687,Londyn,Planowany,2025-01-14 09:53:44,Non-Schengen,D18,-0.4
LO865,Paryż,Opóźniony,2025-01-14 08:14:44,Non-Schengen,F11,-7.8
AF174,Londyn,Odprawa,2025-01-14 11:09:44,Schengen,E13,2.3
LH127,Berlin,Odprawa,2025-01-14 05:37:44,Schengen,G18,6.7
BA141,Oslo,Opóźniony,2025-01-14 08:13:44,Schengen,A13,3.5
LH486,Warszawa,Planowany,2025-01-14 06:34:44,Schengen,G7,30.4
FR199,Oslo,Odwołany,2025-01-14 11:18:44,Schengen,A13,-3.8
FR297,Sydney,Planowany,2025-01-14 06:56:44,Non-Schengen,D12,29.9
FR266,Paryż,Odprawa,2025-01-14 08:42:44,Schengen,E20,12.4
AF186,Paryż,Odwołany,2025-01-14 05:00:44,Non-Schengen,C13,6.8
LH626,Londyn,Planowany,2025-01-14 06:22:44,Schengen,F7,12.0
FR185,Paryż,Odwołany,2025-01-14 05:53:44,Schengen,A17,31.9
AF485,Nowy Jork,Opóźniony,2025-01-14 13:25:44,Non-Schengen,A6,24.0
BA787,Sydney,Odprawa,2025-01-14 06:04:44,Non-Schengen,D17,23.8
LO851,Moskwa,Opóźniony,2025-01-14 09:06:44,Non-Schengen,A10,34.5
BA454,Paryż,Planowany,2025-01-14 09:36:44,Schengen,E1,33.1
LH828,Paryż,Opóźniony,2025-01-14 05:40:44,Non-Schengen,A10,-2.4
FR451,Paryż,Odprawa,2025-01-14 12:37:44,Schengen,C4,27.9
LO351,Tokio,Odprawa,2025-01-14 10:04:44,Schengen,G18,-8.6
FR769,Sydney,Odwołany,2025-01-14 09:41:44,Non-Schengen,C16,6.6
LH544,Sydney,Odprawa,2025-01-14 09:05:44,Non-Schengen,E6,14.7
LO815,Paryż,Planowany,2025-01-14 13:55:44,Schengen,A10,-1.9
AF381,Tokio,Planowany,2025-01-14 08:30:44,Schengen,F16,5.5
LH463,Londyn,Opóźniony,2025-01-14 11:06:44,Schengen,C7,22.2
FR660,Moskwa,Odwołany,2025-01-14 11:48:44,Non-Schengen,F20,-6.0
AF844,Nowy Jork,Planowany,2025-01-14 04:29:44,Schengen,A11,16.8
AF522,Londyn,Planowany,2025-01-14 05:03:44,Schengen,A17,22.1
BA888,Moskwa,Odprawa,2025-01-14 04:39:44,Non-Schengen,C4,33.4
LO489,Tokio,Planowany,2025-01-14 04:17:44,Schengen,A17,14.7
AF858,Berlin,Opóźniony,2025-01-14 04:16:44,Schengen,E20,33.8
AF428,Oslo,Planowany,2025-01-14 07:08:44,Schengen,G20,6.5
FR403,Paryż,Odprawa,2025-01-14 11:09:44,Schengen,D13,6.6
AF285,Londyn,Odwołany,2025-01-14 07:09:44,Non-Schengen,C7,23.1
LH597,Sydney,Planowany,2025-01-14 04:25:44,Schengen,A14,10.3
BA935,Moskwa,Opóźniony,2025-01-14 08:09:44,Schengen,E13,19.1
LO960,Nowy Jork,Odprawa,2025-01-14 11:36:44,Schengen,B14,34.9
LH760,Londyn,Planowany,2025-01-14 04:36:44,Schengen,F12,33.4
AF161,Warszawa,Odwołany,2025-01-14 10:06:44,Schengen,F7,18.2
BA958,Londyn,Opóźniony,2025-01-14 05:32:44,Non-Schengen,E3,19.6
LH706,Moskwa,Odprawa,2025-01-14 08:06:44,Non-Schengen,H16,25.2
AF356,Paryż,Planowany,2025-01-14 09:11:44,Schengen,H5,-2.1
LH480,Paryż,Odprawa,2025-01-14 13:41:44,Non-Schengen,H19,32.3
LH930,Moskwa,Planowany,2025-01-14 13:44:44,Schengen,B10,29.8
LH536,Moskwa,Odprawa,2025-01-14 08:27:44,Schengen,A3,14.1
LO349,Madryt,Odprawa,2025-01-14 11:41:44,Non-Schengen,E6,-5.2
LO928,Moskwa,Odprawa,2025-01-14 13:39:44,Non-Schengen,A5,7.0
BA640,Berlin,Odprawa,2025-01-14 07:53:44,Non-Schengen,F8,-1.5
LH899,Madryt,Odwołany,2025-01-14 10:17:44,Non-Schengen,G11,18.1
BA116,Berlin,Odprawa,2025-01-14 08:48:44,Non-Schengen,B1,-8.9
AF966,Berlin,Planowany,2025-01-14 10:49:44,Schengen,H7,28.4
BA689,Madryt,Odwołany,2025-01-14 06:50:44,Non-Schengen,D12,9.2
BA420,Londyn,Planowany,2025-01-14 12:12:44,Schengen,F11,27.5
LH246,Paryż,Odprawa,2025-01-14 10:49:44,Schengen,A11,0.2
AF488,Berlin,Planowany,2025-01-14 13:11:44,Schengen,H15,4.3
LO963,Paryż,Odprawa,2025-01-14 07:05:44,Non-Schengen,A20,20.3
LH987,Tokio,Odprawa,2025-01-14 13:50:44,Non-Schengen,E1,11.8
FR939,Londyn,Odwołany,2025-01-14 04:33:44,Non-Schengen,D4,30.3
FR665,Berlin,Odprawa,2025-01-14 05:00:44,Non-Schengen,G4,30.9
BA210,Oslo,Planowany,2025-01-14 07:38:44,Schengen,A17,21.3
AF713,Moskwa,Odprawa,2025-01-14 04:35:44,Schengen,E12,18.0
LO495,Moskwa,Opóźniony,2025-01-14 08:31:44,Non-Schengen,B15,10.5
BA506,Paryż,Odprawa,2025-01-14 05:25:44,Non-Schengen,C4,28.4
LH524,Warszawa,Opóźniony,2025-01-14 11:47:44,Non-Schengen,F5,32.0
LO885,Tokio,Odprawa,2025-01-14 14:02:44,Schengen,E4,21.7
LO185,Warszawa,Opóźniony,2025-01-14 13:07:44,Non-Schengen,H18,29.6
BA421,Warszawa,Odwołany,2025-01-14 11:55:44,Schengen,F9,21.4
BA343,Berlin,Opóźniony,2025-01-14 09:06:44,Schengen,B18,17.8
BA545,Madryt,Odprawa,2025-01-14 08:23:44,Schengen,A9,4.8
LH634,Madryt,Planowany,2025-01-14 06:38:44,Non-Schengen,F12,34.5
BA329,Tokio,Odprawa,2025-01-14 13:20:44,Non-Schengen,H15,28.3
BA945,Paryż,Planowany,2025-01-14 13:43:44,Non-Schengen,D3,-7.0
FR768,Sydney,Planowany,2025-01-14 12:44:44,Non-Schengen,H13,16.2
LO157,Nowy Jork,Planowany,2025-01-14 05:11:44,Non-Schengen,E13,12.9
AF137,Warszawa,Odwołany,2025-01-14 13:30:44,Schengen,A14,1.6
BA252,Warszawa,Odprawa,2025-01-14 07:15:44,Schengen,A10,3.3
FR316,Oslo,Planowany,2025-01-14 09:50:44,Non-Schengen,C18,15.6
LO143,Tokio,Odprawa,2025-01-14 10:54:44,Schengen,A10,30.1
BA625,Oslo,Odwołany,2025-01-14 06:16:44,Non-Schengen,B17,33.4
LO977,Sydney,Odprawa,2025-01-14 10:04:44,Schengen,A15,-5.9
AF396,Paryż,Odwołany,2025-01-14 13:44:44,Non-Schengen,A7,-6.7
FR715,Tokio,Planowany,2025-01-14 08:13:44,Non-Schengen,B4,15.7
BA193,Warszawa,Opóźniony,2025-01-14 13:29:44,Schengen,B13,18.7
FR767,Londyn,Opóźniony,2025-01-14 09:53:44,Schengen,B4,23.5
BA941,Paryż,Odwołany,2025-01-14 11:10:44,Non-Schengen,G4,6.1
LH740,Moskwa,Opóźniony,2025-01-14 04:48:44,Schengen,B10,20.7
LO358,Paryż,Opóźniony,2025-01-14 09:00:44,Non-Schengen,C5,31.0
BA281,Londyn,Odprawa,2025-01-14 12:31:44,Non-Schengen,B16,-3.4
FR412,Paryż,Opóźniony,2025-01-14 09:57:44,Non-Schengen,G1,-4.0
LO326,Paryż,Planowany,2025-01-14 10:46:44,Non-Schengen,B8,-6.1
LH730,Sydney,Opóźniony,2025-01-14 10:18:44,Non-Schengen,A16,13.7
LH571,Berlin,Opóźniony,2025-01-14 12:11:44,Schengen,B16,4.2
LH713,Sydney,Opóźniony,2025-01-14 06:18:44,Non-Schengen,G10,4.0
LH253,Sydney,Opóźniony,2025-01-14 07:02:44,Schengen,H4,13.6
BA658,Berlin,Planowany,2025-01-14 04:49:44,Schengen,F7,18.9
BA631,Tokio,Odwołany,2025-01-14 10:38:44,Schengen,A11,31.2
AF529,Tokio,Opóźniony,2025-01-14 07:25:44,Schengen,D20,6.1
FR606,Nowy Jork,Odwołany,2025-01-14 08:41:44,Schengen,H17,19.2
LH619,Paryż,Planowany,2025-01-14 11:47:44,Schengen,G12,33.9
FR781,Londyn,Odprawa,2025-01-14 10:55:44,Schengen,D9,20.9
LO391,Londyn,Odwołany,2025-01-14 05:23:44,Schengen,F3,5.3
FR225,Moskwa,Odwołany,2025-01-14 04:43:44,Non-Schengen,D3,14.0
FR856,Oslo,Planowany,2025-01-14 11:39:44,Non-Schengen,H16,26.0
FR729,Sydney,Odprawa,2025-01-14 12:02:44,Non-Schengen,A13,16.0
FR218,Paryż,Odwołany,2025-01-14 06:40:44,Non-Schengen,G7,-8.9
LO162,Oslo,Planowany,2025-01-14 10:46:44,Non-Schengen,E20,5.3
FR606,Tokio,Odwołany,2025-01-14 04:37:44,Schengen,H19,6.9
FR418,Moskwa,Odprawa,2025-01-14 07:20:44,Schengen,C5,12.7
FR890,Warszawa,Odwołany,2025-01-14 05:56:44,Non-Schengen,F13,28.0
LO233,Moskwa,Opóźniony,2025-01-14 08:41:44,Schengen,H11,16.8
AF154,Oslo,Opóźniony,2025-01-14 05:42:44,Schengen,C2,32.8
BA810,Madryt,Planowany,2025-01-14 13:22:44,Schengen,A8,23.7
LO770,Sydney,Odwołany,2025-01-14 04:45:44,Schengen,B7,31.7
LO499,Berlin,Planowany,2025-01-14 08:36:44,Schengen,F5,-7.0
BA327,Nowy Jork,Odprawa,2025-01-14 13:05:44,Non-Schengen,A1,-5.5
BA687,Oslo,Odwołany,2025-01-14 13:04:44,Non-Schengen,D3,8.2
BA957,Paryż,Odwołany,2025-01-14 11:50:44,Schengen,A7,17.8
LH335,Nowy Jork,Opóźniony,2025-01-14 07:25:44,Schengen,B16,34.2
AF711,Sydney,Odwołany,2025-01-14 06:57:44,Schengen,D16,33.3
LO667,Paryż,Planowany,2025-01-14 05:35:44,Schengen,C11,32.3
LO857,Nowy Jork,Odprawa,2025-01-14 08:04:44,Schengen,B2,14.3
BA460,Londyn,Odwołany,2025-01-14 12:45:44,Non-Schengen,G13,21.5
AF200,Paryż,Odwołany,2025-01-14 05:08:44,Non-Schengen,A15,22.0
AF281,Madryt,Planowany,2025-01-14 05:44:44,Schengen,F12,22.5
BA449,Warszawa,Odprawa,2025-01-14 06:29:44,Non-Schengen,C9,3.0
LO181,Moskwa,Odwołany,2025-01-14 12:49:44,Non-Schengen,C17,23.1
BA547,Oslo,Odprawa,2025-01-14 09:24:44,Schengen,G19,32.0
LH777,Moskwa,Odwołany,2025-01-14 09:13:44,Non-Schengen,F18,10.1
LO713,Tokio,Odwołany,2025-01-14 06:21:44,Non-Schengen,E13,20.4
LO976,Londyn,Planowany,2025-01-14 06:15:44,Non-Schengen,H12,17.8
BA337,Sydney,Opóźniony,2025-01-14 07:41:44,Non-Schengen,E12,-2.6
LH489,Madryt,Odwołany,2025-01-14 11:55:44,Non-Schengen,G13,7.9
FR181,Londyn,Planowany,2025-01-14 13:00:44,Non-Schengen,E14,25.3
LH405,Berlin,Planowany,2025-01-14 09:38:44,Non-Schengen,G4,29.2
LH344,Berlin,Odprawa,2025-01-14 07:11:44,Non-Schengen,G10,30.5
FR317,Tokio,Odprawa,2025-01-14 12:55:44,Schengen,F10,23.3
LO716,Paryż,Odprawa,2025-01-14 06:34:44,Schengen,G14,15.6
LH392,Nowy Jork,Opóźniony,2025-01-14 05:46:44,Schengen,D16,-9.8
BA726,Warszawa,Odwołany,2025-01-14 10:32:44,Non-Schengen,G13,11.6
AF668,Madryt,Odwołany,2025-01-14 05:48:44,Non-Schengen,D15,18.2
LO196,Tokio,Odprawa,2025-01-14 08:38:44,Non-Schengen,C3,-7.4
FR540,Madryt,Opóźniony,2025-01-14 05:42:44,Non-Schengen,B2,2.0
LO489,Londyn,Opóźniony,2025-01-14 10:39:44,Schengen,G4,3.7
FR633,Moskwa,Opóźniony,2025-01-14 12:58:44,Schengen,A12,16.6
FR569,Oslo,Planowany,2025-01-14 06:33:44,Non-Schengen,G6,-0.8
BA655,Londyn,Odprawa,2025-01-14 10:07:44,Schengen,H14,0.1
FR632,Londyn,Opóźniony,2025-01-14 13:51:44,Non-Schengen,E11,34.8
LO898,Berlin,Odwołany,2025-01-14 13:40:44,Schengen,B4,34.9
BA520,Londyn,Opóźniony,2025-01-14 05:02:44,Schengen,H16,1.4
LH872,Nowy Jork,Odwołany,2025-01-14 07:29:44,Non-Schengen,G20,16.7
FR911,Warszawa,Opóźniony,2025-01-14 06:57:44,Non-Schengen,A1,-8.8
LH579,Paryż,Planowany,2025-01-14 08:28:44,Schengen,G2,-9.4
FR537,Moskwa,Opóźniony,2025-01-14 05:29:44,Schengen,G7,4.4
AF342,Berlin,Odwołany,2025-01-14 13:58:44,Non-Schengen,F19,24.6
AF683,Tokio,Odwołany,2025-01-14 05:54:44,Non-Schengen,E5,15.4
AF750,Paryż,Odprawa,2025-01-14 08:06:44,Non-Schengen,F1,26.7
AF441,Tokio,Odwołany,2025-01-14 07:38:44,Schengen,D8,-0.2
AF440,Tokio,Opóźniony,2025-01-14 13:00:44,Schengen,B15,25.1
FR267,Madryt,Odwołany,2025-01-14 08:03:44,Schengen,E13,19.3
LO340,Londyn,Odprawa,2025-01-14 04:37:44,Schengen,A6,-2.3
FR854,Sydney,Odprawa,2025-01-14 05:59:44,Schengen,B19,7.5
LO982,Oslo,Odprawa,2025-01-14 11:51:44,Schengen,C13,1.2
LO342,Sydney,Planowany,2025-01-14 09:42:44,Non-Schengen,F10,21.8
LH616,Paryż,Opóźniony,2025-01-14 10:56:44,Non-Schengen,C16,35.0
BA130,Nowy Jork,Odprawa,2025-01-14 09:41:44,Schengen,C5,21.4
AF656,Moskwa,Odwołany,2025-01-14 05:20:44,Non-Schengen,F19,27.0
FR913,Warszawa,Opóźniony,2025-01-14 05:23:44,Non-Schengen,E13,17.8
LO765,Oslo,Opóźniony,2025-01-14 07:39:44,Schengen,C17,14.6
LH767,Moskwa,Planowany,2025-01-14 09:50:44,Non-Schengen,D16,29.0
BA876,Londyn,Odprawa,2025-01-14 13:22:44,Non-Schengen,D9,2.9
BA141,Warszawa,Odprawa,2025-01-14 09:20:44,Non-Schengen,E7,27.1
BA885,Moskwa,Opóźniony,2025-01-14 06:03:44,Non-Schengen,B7,2.2
LH422,Nowy Jork,Planowany,2025-01-14 11:42:44,Schengen,H20,-2.5
LO979,Warszawa,Opóźniony,2025-01-14 05:30:44,Schengen,D10,-4.3
FR120,Madryt,Opóźniony,2025-01-14 09:19:44,Non-Schengen,H16,32.5
LO329,Nowy Jork,Planowany,2025-01-14 13:24:44,Non-Schengen,E13,0.7
FR209,Berlin,Odprawa,2025-01-14 13:22:44,Schengen,H12,34.2
FR541,Sydney,Odwołany,2025-01-14 09:41:44,Non-Schengen,G6,-2.5
AF748,Warszawa,Odprawa,2025-01-14 08:52:44,Non-Schengen,E1,-9.7
LO241,Moskwa,Planowany,2025-01-14 07:55:44,Schengen,C19,19.7
AF637,Warszawa,Planowany,2025-01-14 09:39:44,Non-Schengen,D9,29.6
AF544,Paryż,Planowany,2025-01-14 13:36:44,Non-Schengen,C6,9.5
LH849,Paryż,Odprawa,2025-01-14 04:56:44,Non-Schengen,F20,-0.4
BA245,Nowy Jork,Opóźniony,2025-01-14 11:15:44,Non-Schengen,H15,-5.9
LH540,Warszawa,Opóźniony,2025-01-14 11:10:44,Non-Schengen,E7,-9.3
FR111,Warszawa,Odprawa,2025-01-14 07:50:44,Schengen,H19,3.4
AF650,Warszawa,Odprawa,2025-01-14 11:09:44,Schengen,H13,-6.2
LO994,Warszawa,Odwołany,2025-01-14 13:45:44,Schengen,D2,23.6
FR833,Paryż,Planowany,2025-01-14 05:37:44,Non-Schengen,F17,14.9
AF605,Moskwa,Odprawa,2025-01-14 07:28:44,Schengen,D13,12.6
FR418,Madryt,Planowany,2025-01-14 13:51:44,Non-Schengen,D7,18.7
LH170,Sydney,Planowany,2025-01-14 04:34:44,Schengen,E15,32.7
LO473,Paryż,Odprawa,2025-01-14 04:23:44,Schengen,A17,-3.0
BA367,Berlin,Opóźniony,2025-01-14 04:37:44,Schengen,G13,19.5
LO369,Paryż,Odprawa,2025-01-14 13:03:44,Schengen,D16,27.5
BA617,Oslo,Odprawa,2025-01-14 09:14:44,Non-Schengen,A16,-1.4
LH606,Oslo,Planowany,2025-01-14 12:15:44,Schengen,F19,33.8
BA867,Nowy Jork,Planowany,2025-01-14 05:51:44,Non-Schengen,E12,4.2
LO896,Oslo,Opóźniony,2025-01-14 12:09:44,Schengen,G7,-4.6
AF201,Paryż,Odprawa,2025-01-14 13:10:44,Schengen,F19,8.3
AF826,Moskwa,Opóźniony,2025-01-14 10:16:44,Non-Schengen,B17,31.6
FR903,Oslo,Odprawa,2025-01-14 07:49:44,Schengen,C4,19.8
LH903,Sydney,Odwołany,2025-01-14 05:13:44,Non-Schengen,A13,-4.9
LH695,Paryż,Opóźniony,2025-01-14 05:51:44,Schengen,F15,21.2
BA581,Tokio,Odwołany,2025-01-14 13:07:44,Non-Schengen,E12,3.5
LO289,Warszawa,Planowany,2025-01-14 11:10:44,Non-Schengen,H19,10.6
LH530,Paryż,Odwołany,2025-01-14 05:07:44,Schengen,B5,15.2
FR764,Berlin,Opóźniony,2025-01-14 06:14:44,Non-Schengen,C14,-4.0
AF943,Warszawa,Planowany,2025-01-14 07:36:44,Schengen,H14,12.0
AF628,Moskwa,Planowany,2025-01-14 07:20:44,Schengen,C18,6.5
LO956,Berlin,Odprawa,2025-01-14 11:33:44,Non-Schengen,E7,-0.2
FR430,Madryt,Odprawa,2025-01-14 10:01:44,Schengen,B15,-6.9
AF772,Nowy Jork,Opóźniony,2025-01-14 10:52:44,Schengen,C7,-8.8
BA159,Warszawa,Opóźniony,2025-01-14 06:03:44,Non-Schengen,B7,0.1
LO282,Londyn,Opóźniony,2025-01-14 06:59:44,Schengen,F18,31.4
AF735,Warszawa,Planowany,2025-01-14 10:28:44,Non-Schengen,H16,-5.1
BA713,Tokio,Odprawa,2025-01-14 12:30:44,Schengen,F10,11.1
AF577,Tokio,Opóźniony,2025-01-14 07:31:44,Schengen,C3,-5.8
AF756,Nowy Jork,Odwołany,2025-01-14 13:50:44,Schengen,A7,13.3
AF428,Paryż,Opóźniony,2025-01-14 06:37:44,Schengen,D13,29.8
AF846,Berlin,Opóźniony,2025-01-14 13:06:44,Non-Schengen,D17,28.0
LH571,Londyn,Opóźniony,2025-01-14 05:33:44,Non-Schengen,C14,14.3
LH157,Nowy Jork,Planowany,2025-01-14 08:06:44,Schengen,D1,6.7
LO498,Londyn,Odwołany,2025-01-14 09:14:44,Schengen,H19,1.9
BA573,Moskwa,Opóźniony,2025-01-14 12:11:44,Schengen,H10,10.2
LO948,Berlin,Planowany,2025-01-14 06:02:44,Non-Schengen,D10,29.1
LO178,Sydney,Odwołany,2025-01-14 05:38:44,Non-Schengen,E12,1.5
FR454,Madryt,Odwołany,2025-01-14 07:28:44,Schengen,B14,27.7
FR415,Nowy Jork,Planowany,2025-01-14 08:58:44,Schengen,E19,13.2
LH280,Madryt,Odwołany,2025-01-14 04:44:44,Schengen,H9,-9.9
BA622,Londyn,Odwołany,2025-01-14 13:54:44,Non-Schengen,F6,24.1
LO305,Sydney,Odwołany,2025-01-14 07:16:44,Non-Schengen,H18,13.2
BA345,Oslo,Planowany,2025-01-14 10:43:44,Non-Schengen,C6,18.4
FR693,Londyn,Odprawa,2025-01-14 07:56:44,Non-Schengen,D6,-0.1
LH992,Oslo,Odwołany,2025-01-14 10:10:44,Non-Schengen,F5,23.2
LO344,Sydney,Planowany,2025-01-14 04:16:44,Non-Schengen,D20,0.1
FR366,Moskwa,Odwołany,2025-01-14 11:28:44,Schengen,D12,-8.8
LH412,Moskwa,Odprawa,2025-01-14 11:29:44,Schengen,A8,-1.8
LH860,Oslo,Opóźniony,2025-01-14 04:06:44,Non-Schengen,B7,18.9
FR943,Tokio,Odprawa,2025-01-14 04:30:44,Schengen,D1,20.7
LH802,Berlin,Odwołany,2025-01-14 09:29:44,Schengen,D20,-3.1
FR264,Tokio,Opóźniony,2025-01-14 09:52:44,Non-Schengen,D14,-3.1
BA261,Sydney,Planowany,2025-01-14 06:24:44,Schengen,G15,28.4
LO249,Sydney,Odprawa,2025-01-14 11:06:44,Non-Schengen,F13,23.1
LH712,Warszawa,Opóźniony,2025-01-14 10:16:44,Schengen,A12,32.7
LO892,Warszawa,Odprawa,2025-01-14 06:08:44,Non-Schengen,F19,4.2
AF949,Nowy Jork,Planowany,2025-01-14 06:41:44,Non-Schengen,D3,28.3
LO342,Berlin,Opóźniony,2025-01-14 04:59:44,Schengen,D1,-4.3
FR863,Sydney,Odprawa,2025-01-14 12:06:44,Schengen,G6,-1.1
LH268,Oslo,Odprawa,2025-01-14 04:43:44,Schengen,G9,7.9
LH299,Moskwa,Opóźniony,2025-01-14 11:40:44,Non-Schengen,H11,-2.9
FR226,Londyn,Odwołany,2025-01-14 05:53:44,Non-Schengen,G7,-2.5
FR184,Oslo,Opóźniony,2025-01-14 08:46:44,Non-Schengen,D7,11.8
BA830,Oslo,Odprawa,2025-01-14 07:12:44,Non-Schengen,C19,15.3
FR219,Madryt,Opóźniony,2025-01-14 06:21:44,Schengen,E2,6.2
FR284,Tokio,Planowany,2025-01-14 06:54:44,Non-Schengen,G20,-6.0
BA465,Sydney,Odprawa,2025-01-14 08:46:44,Schengen,F11,-0.1
FR984,Londyn,Odprawa,2025-01-14 12:36:44,Non-Schengen,E11,-6.8
FR411,Berlin,Opóźniony,2025-01-14 11:00:44,Non-Schengen,C3,-5.7
FR581,Sydney,Planowany,2025-01-14 13:54:44,Schengen,A3,13.8
LH483,Nowy Jork,Odprawa,2025-01-14 08:59:44,Non-Schengen,H5,16.0
LO885,Moskwa,Opóźniony,2025-01-14 04:53:44,Non-Schengen,A8,-1.9
BA567,Paryż,Odwołany,2025-01-14 04:55:44,Non-Schengen,F19,7.4
LH947,Oslo,Planowany,2025-01-14 04:27:44,Schengen,D2,-5.4
LO623,Madryt,Planowany,2025-01-14 07:44:44,Schengen,G20,34.0
LH941,Berlin,Planowany,2025-01-14 08:30:44,Schengen,E16,28.5
AF106,Warszawa,Odprawa,2025-01-14 14:06:44,Schengen,G15,14.5
LO471,Madryt,Opóźniony,2025-01-14 08:13:44,Non-Schengen,G10,-7.8
FR132,Oslo,Odwołany,2025-01-14 12:00:44,Schengen,E9,-7.6
LO478,Berlin,Planowany,2025-01-14 13:52:44,Schengen,F19,15.4
FR911,Londyn,Odwołany,2025-01-14 06:20:44,Non-Schengen,H2,11.1
LO812,Madryt,Planowany,2025-01-14 07:33:44,Schengen,F5,-0.5
FR313,Madryt,Odwołany,2025-01-14 06:13:44,Non-Schengen,H15,17.8
LH669,Paryż,Planowany,2025-01-14 12:07:44,Schengen,D3,31.7
LH574,Sydney,Opóźniony,2025-01-14 08:21:44,Schengen,A10,-4.9
LH971,Oslo,Opóźniony,2025-01-14 13:58:44,Schengen,B12,9.0
LH338,Warszawa,Opóźniony,2025-01-14 11:03:44,Non-Schengen,C10,19.8
AF845,Tokio,Opóźniony,2025-01-14 05:11:44,Schengen,D14,10.8
LH940,Paryż,Odprawa,2025-01-14 05:13:44,Schengen,B1,7.3
AF856,Warszawa,Planowany,2025-01-14 10:12:44,Non-Schengen,G10,13.0
FR261,Tokio,Odwołany,2025-01-14 07:19:44,Schengen,A6,-2.1
FR806,Moskwa,Odprawa,2025-01-14 05:10:44,Schengen,G7,-3.2
AF440,Madryt,Opóźniony,2025-01-14 10:56:44,Non-Schengen,B16,32.0
AF757,Londyn,Planowany,2025-01-14 13:23:44,Non-Schengen,H8,10.9
AF510,Paryż,Odwołany,2025-01-14 11:50:44,Non-Schengen,D17,-3.4
LH965,Moskwa,Odwołany,2025-01-14 05:02:44,Schengen,H3,0.6
FR610,Tokio,Odwołany,2025-01-14 12:35:44,Schengen,A12,26.8
LO332,Sydney,Odwołany,2025-01-14 10:44:44,Non-Schengen,G4,3.1
LO687,Oslo,Opóźniony,2025-01-14 09:50:44,Schengen,D8,25.1
LO795,Tokio,Planowany,2025-01-14 11:31:44,Schengen,B14,-0.1
LH883,Sydney,Odwołany,2025-01-14 07:56:44,Non-Schengen,F9,12.0
LO828,Paryż,Odwołany,2025-01-14 11:44:44,Schengen,D6,9.6
AF577,Tokio,Opóźniony,2025-01-14 10:07:44,Non-Schengen,D18,-4.8
AF466,Sydney,Planowany,2025-01-14 11:07:44,Schengen,A1,19.3
AF593,Madryt,Odwołany,2025-01-14 05:20:44,Non-Schengen,F3,-4.0
AF406,Londyn,Opóźniony,2025-01-14 12:24:44,Schengen,D3,20.2
LH702,Oslo,Odprawa,2025-01-14 12:52:44,Non-Schengen,B15,20.6
FR913,Sydney,Planowany,2025-01-14 08:46:44,Non-Schengen,H1,7.0
LO279,Paryż,Planowany,2025-01-14 08:39:44,Non-Schengen,E7,15.0
AF845,Tokio,Odprawa,2025-01-14 06:51:44,Non-Schengen,D7,19.2
LH632,Sydney,Planowany,2025-01-14 10:10:44,Non-Schengen,A10,30.6
FR540,Nowy Jork,Opóźniony,2025-01-14 07:08:44,Schengen,F1,-1.8
LH897,Nowy Jork,Planowany,2025-01-14 08:15:44,Schengen,A16,13.9
AF284,Nowy Jork,Odprawa,2025-01-14 05:52:44,Schengen,H1,14.2
FR789,Sydney,Odwołany,2025-01-14 13:25:44,Non-Schengen,G3,-0.6
AF124,Madryt,Odwołany,2025-01-14 11:18:44,Non-Schengen,A4,17.4
BA280,Oslo,Odwołany,2025-01-14 06:10:44,Non-Schengen,F6,3.8
AF387,Warszawa,Odwołany,2025-01-14 13:13:44,Non-Schengen,C3,10.0
LH460,Tokio,Opóźniony,2025-01-14 10:17:44,Schengen,H1,10.2
AF384,Warszawa,Planowany,2025-01-14 07:24:44,Non-Schengen,A15,-5.0
LH201,Berlin,Planowany,2025-01-14 06:37:44,Non-Schengen,A20,2.9
AF996,Londyn,Opóźniony,2025-01-14 09:41:44,Schengen,B5,6.4
LH117,Londyn,Odprawa,2025-01-14 10:00:44,Schengen,F12,4.7
LH548,Oslo,Opóźniony,2025-01-14 05:42:44,Schengen,H7,30.8
FR103,Madryt,Odwołany,2025-01-14 09:00:44,Schengen,B3,19.8
LH425,Sydney,Odwołany,2025-01-14 07:51:44,Non-Schengen,F2,-0.4
LO207,Tokio,Odprawa,2025-01-14 04:16:44,Non-Schengen,C7,19.5
LH831,Sydney,Odwołany,2025-01-14 08:29:44,Schengen,H18,33.4
FR575,Paryż,Planowany,2025-01-14 08:23:44,Schengen,E17,25.6
BA259,Moskwa,Odwołany,2025-01-14 12:58:44,Schengen,B12,31.7
LO328,Oslo,Planowany,2025-01-14 10:33:44,Schengen,C9,31.6
BA954,Warszawa,Opóźniony,2025-01-14 13:09:44,Non-Schengen,F13,-3.3
AF419,Moskwa,Odprawa,2025-01-14 13:13:44,Non-Schengen,B1,33.2
BA205,Paryż,Odprawa,2025-01-14 12:33:44,Schengen,D15,1.0
FR197,Madryt,Opóźniony,2025-01-14 10:33:44,Non-Schengen,B3,0.4
LO829,Oslo,Opóźniony,2025-01-14 06:45:44,Non-Schengen,C14,-2.3
LH728,Londyn,Odprawa,2025-01-14 13:34:44,Non-Schengen,C17,-8.1
BA690,Berlin,Odwołany,2025-01-14 06:51:44,Schengen,H11,29.9
LH398,Madryt,Opóźniony,2025-01-14 09:35:44,Non-Schengen,E18,-7.2
FR532,Oslo,Planowany,2025-01-14 07:33:44,Non-Schengen,E7,0.8
FR588,Sydney,Odprawa,2025-01-14 07:19:44,Non-Schengen,A14,23.8
LH249,Madryt,Planowany,2025-01-14 04:52:44,Non-Schengen,C7,-6.7
LO672,Oslo,Odwołany,2025-01-14 08:36:44,Non-Schengen,G5,27.0
LH829,Berlin,Odprawa,2025-01-14 08:04:44,Non-Schengen,F18,24.0
BA572,Berlin,Opóźniony,2025-01-14 08:20:44,Non-Schengen,H10,-2.2
BA771,Paryż,Odwołany,2025-01-14 07:06:44,Schengen,D3,26.3
FR101,Warszawa,Odprawa,2025-01-14 05:15:44,Schengen,C4,20.3
LO900,Sydney,Odprawa,2025-01-14 11:42:44,Non-Schengen,F1,-7.3
AF396,Paryż,Odwołany,2025-01-14 13:38:44,Schengen,B10,16.1
LH845,Londyn,Planowany,2025-01-14 06:00:44,Schengen,H18,-5.9
LO961,Tokio,Odprawa,2025-01-14 05:05:44,Schengen,G1,4.6
LH349,Tokio,Odprawa,2025-01-14 04:37:44,Non-Schengen,C10,19.1
AF711,Berlin,Odprawa,2025-01-14 13:18:44,Non-Schengen,H20,5.1
BA655,Nowy Jork,Odprawa,2025-01-14 10:16:44,Non-Schengen,H4,-2.5
FR303,Madryt,Odwołany,2025-01-14 13:36:44,Non-Schengen,A18,22.1
LO359,Warszawa,Odwołany,2025-01-14 12:56:44,Schengen,H5,9.2
LO283,Warszawa,Odprawa,2025-01-14 13:04:44,Non-Schengen,G1,7.2
LO259,Oslo,Odwołany,2025-01-14 09:11:44,Non-Schengen,H3,7.3
BA585,Madryt,Odprawa,2025-01-14 13:05:44,Non-Schengen,C11,12.2
FR565,Madryt,Odwołany,2025-01-14 04:10:44,Non-Schengen,D7,24.6
LH999,Nowy Jork,Planowany,2025-01-14 08:25:44,Schengen,E20,9.3
LH269,Londyn,Odwołany,2025-01-14 06:39:44,Schengen,F16,33.3
FR780,Nowy Jork,Opóźniony,2025-01-14 08:07:44,Non-Schengen,H3,29.9
LH391,Paryż,Opóźniony,2025-01-14 08:28:44,Non-Schengen,B3,7.7
LH116,Paryż,Odprawa,2025-01-14 11:57:44,Non-Schengen,E15,11.8
AF392,Berlin,Odwołany,2025-01-14 11:20:44,Non-Schengen,E2,30.3
LH680,Nowy Jork,Odwołany,2025-01-14 04:43:44,Non-Schengen,A13,2.1
LH686,Nowy Jork,Odwołany,2025-01-14 13:02:44,Non-Schengen,D15,14.0
BA997,Berlin,Planowany,2025-01-14 07:59:44,Schengen,E11,1.7
AF872,Londyn,Odprawa,2025-01-14 09:57:44,Schengen,G17,8.0
LH204,Oslo,Odprawa,2025-01-14 11:45:44,Schengen,A18,22.8
AF716,Londyn,Planowany,2025-01-14 05:55:44,Schengen,D8,-5.6
LH722,Oslo,Opóźniony,2025-01-14 13:00:44,Schengen,H10,5.5
LH131,Berlin,Odwołany,2025-01-14 05:05:44,Non-Schengen,C15,32.0
LH261,Tokio,Opóźniony,2025-01-14 06:46:44,Schengen,A18,-0.8
FR611,Moskwa,Odprawa,2025-01-14 07:41:44,Schengen,H3,-9.5
LO993,Tokio,Planowany,2025-01-14 12:52:44,Non-Schengen,E19,-3.6
LH824,Sydney,Odprawa,2025-01-14 11:01:44,Non-Schengen,G12,-5.3
AF168,Nowy Jork,Odwołany,2025-01-14 08:44:44,Schengen,E18,10.2
AF729,Berlin,Opóźniony,2025-01-14 07:29:44,Non-Schengen,F10,16.5
LO784,Berlin,Planowany,2025-01-14 08:38:44,Schengen,C5,19.6
LH984,Paryż,Odwołany,2025-01-14 06:00:44,Schengen,E3,13.8
AF811,Paryż,Odprawa,2025-01-14 04:29:44,Non-Schengen,D11,26.1
LO650,Paryż,Planowany,2025-01-14 05:10:44,Non-Schengen,D10,11.2
LO866,Berlin,Odprawa,2025-01-14 11:38:44,Non-Schengen,D15,33.9
FR939,Warszawa,Opóźniony,2025-01-14 06:01:44,Schengen,B6,21.2
FR961,Tokio,Odwołany,2025-01-14 12:37:44,Schengen,H14,2.0
LO739,Londyn,Planowany,2025-01-14 06:24:44,Non-Schengen,H6,19.1
FR465,Paryż,Opóźniony,2025-01-14 13:52:44,Non-Schengen,C6,24.2
AF934,Madryt,Odwołany,2025-01-14 12:49:44,Non-Schengen,C3,13.8
FR178,Madryt,Odprawa,2025-01-14 10:36:44,Non-Schengen,D11,18.1
LH669,Madryt,Odwołany,2025-01-14 04:52:44,Schengen,C13,18.4
AF796,Warszawa,Planowany,2025-01-14 13:40:44,Non-Schengen,H17,30.6
LO138,Moskwa,Odwołany,2025-01-14 08:30:44,Schengen,D5,-3.6
AF529,Tokio,Odprawa,2025-01-14 13:02:44,Schengen,H10,-1.8
LH257,Moskwa,Odwołany,2025-01-14 07:07:44,Schengen,C5,7.8
AF153,Nowy Jork,Planowany,2025-01-14 10:21:44,Non-Schengen,F14,26.6
BA600,Tokio,Odwołany,2025-01-14 07:56:44,Non-Schengen,H5,32.3
LO444,Londyn,Odwołany,2025-01-14 06:34:44,Schengen,B20,10.2
FR861,Paryż,Planowany,2025-01-14 04:50:44,Non-Schengen,B20,31.6
LH176,Sydney,Odwołany,2025-01-14 12:42:44,Schengen,C19,19.6
FR394,Moskwa,Odwołany,2025-01-14 13:55:44,Schengen,A12,-5.1
BA168,Sydney,Opóźniony,2025-01-14 07:23:44,Schengen,D14,15.4
LO764,Berlin,Odwołany,2025-01-14 09:45:44,Schengen,F7,10.6
LH229,Warszawa,Opóźniony,2025-01-14 09:43:44,Non-Schengen,G14,-0.4
BA531,Berlin,Odprawa,2025-01-14 09:17:44,Non-Schengen,E14,16.9
FR831,Berlin,Planowany,2025-01-14 07:15:44,Non-Schengen,C16,2.3
LO252,Londyn,Odprawa,2025-01-14 05:46:44,Schengen,F8,16.1
AF154,Paryż,Planowany,2025-01-14 12:49:44,Schengen,F2,5.3
AF705,Berlin,Odwołany,2025-01-14 06:45:44,Schengen,B7,9.1
BA697,Warszawa,Odprawa,2025-01-14 08:34:44,Non-Schengen,B8,16.5
BA477,Madryt,Planowany,2025-01-14 13:04:44,Non-Schengen,A19,28.5
BA734,Warszawa,Planowany,2025-01-14 05:36:44,Non-Schengen,C8,21.7
LH969,Paryż,Planowany,2025-01-14 09:59:44,Schengen,G16,23.1
AF560,Warszawa,Opóźniony,2025-01-14 04:40:44,Schengen,C8,21.8
LO367,Moskwa,Opóźniony,2025-01-14 04:59:44,Schengen,D5,10.6
AF140,Moskwa,Odwołany,2025-01-14 05:08:44,Schengen,A5,32.9
LO865,Madryt,Odprawa,2025-01-14 04:43:44,Non-Schengen,H11,22.0
BA348,Oslo,Odprawa,2025-01-14 13:27:44,Schengen,F16,12.5
AF189,Warszawa,Odprawa,2025-01-14 05:22:44,Schengen,F14,-8.3
AF622,Londyn,Planowany,2025-01-14 05:41:44,Non-Schengen,G18,18.9
LO157,Warszawa,Planowany,2025-01-14 13:06:44,Schengen,G1,-0.7
AF874,Tokio,Planowany,2025-01-14 10:40:44,Schengen,B2,25.5
BA475,Madryt,Odprawa,2025-01-14 08:52:44,Schengen,C19,-9.6
AF862,Nowy Jork,Odprawa,2025-01-14 13:53:44,Non-Schengen,G19,33.4
LO166,Oslo,Odwołany,2025-01-14 11:00:44,Schengen,F8,22.4
LH566,Moskwa,Planowany,2025-01-14 05:42:44,Schengen,A13,30.0
BA430,Tokio,Opóźniony,2025-01-14 09:08:44,Non-Schengen,B5,29.0
BA526,Madryt,Planowany,2025-01-14 05:27:44,Schengen,B3,18.9
FR125,Sydney,Odprawa,2025-01-14 12:45:44,Non-Schengen,C17,10.5
AF755,Nowy Jork,Odwołany,2025-01-14 11:34:44,Schengen,G3,25.1
LO232,Sydney,Odprawa,2025-01-14 08:23:44,Non-Schengen,A1,2.2
LO110,Berlin,Opóźniony,2025-01-14 11:20:44,Non-Schengen,B3,28.5
LH242,Oslo,Planowany,2025-01-14 09:45:44,Schengen,H19,22.7
LO949,Londyn,Opóźniony,2025-01-14 11:55:44,Schengen,B6,-8.4
BA205,Moskwa,Odwołany,2025-01-14 10:18:44,Schengen,B17,3.4
LO690,Londyn,Opóźniony,2025-01-14 10:24:44,Non-Schengen,G16,-9.5
BA364,Moskwa,Planowany,2025-01-14 04:16:44,Non-Schengen,C9,-1.7
BA557,Nowy Jork,Planowany,2025-01-14 11:57:44,Non-Schengen,D17,25.7
BA895,Londyn,Odprawa,2025-01-14 13:17:44,Non-Schengen,H8,-2.3
BA685,Madryt,Planowany,2025-01-14 11:26:44,Non-Schengen,C20,13.5
AF115,Londyn,Planowany,2025-01-14 13:40:44,Non-Schengen,C11,17.0
LH340,Sydney,Odprawa,2025-01-14 05:00:44,Schengen,D9,18.9
FR198,Berlin,Opóźniony,2025-01-14 09:38:44,Schengen,F7,33.9
BA671,Tokio,Odprawa,2025-01-14 12:10:44,Schengen,B19,7.7
LO992,Madryt,Opóźniony,2025-01-14 11:58:44,Schengen,D8,4.2
LO474,Oslo,Odwołany,2025-01-14 07:41:44,Schengen,B11,20.7
LH837,Madryt,Planowany,2025-01-14 06:13:44,Non-Schengen,B17,4.6
LO581,Nowy Jork,Odwołany,2025-01-14 12:41:44,Non-Schengen,F4,6.8
LO823,Tokio,Opóźniony,2025-01-14 07:58:44,Non-Schengen,B16,4.8
BA246,Berlin,Opóźniony,2025-01-14 08:49:44,Schengen,E1,10.0
LO927,Moskwa,Opóźniony,2025-01-14 07:06:44,Non-Schengen,B1,11.1
FR108,Moskwa,Odprawa,2025-01-14 09:10:44,Non-Schengen,C10,6.3
AF193,Berlin,Odprawa,2025-01-14 11:31:44,Non-Schengen,E8,11.4
BA666,Moskwa,Opóźniony,2025-01-14 08:14:44,Schengen,H9,18.9
FR993,Tokio,Odprawa,2025-01-14 12:06:44,Schengen,F10,4.3
LO477,Londyn,Opóźniony,2025-01-14 14:06:44,Schengen,E14,-1.3
AF545,Berlin,Odwołany,2025-01-14 08:22:44,Non-Schengen,D15,12.0
BA826,Sydney,Planowany,2025-01-14 11:38:44,Non-Schengen,E3,25.9
AF258,Tokio,Planowany,2025-01-14 12:57:44,Non-Schengen,H19,33.4
AF984,Londyn,Opóźniony,2025-01-14 05:44:44,Schengen,E18,17.4
LH664,Madryt,Odprawa,2025-01-14 09:12:44,Non-Schengen,G3,19.8
BA677,Berlin,Opóźniony,2025-01-14 13:48:44,Schengen,D17,34.2
FR281,Oslo,Odwołany,2025-01-14 10:52:44,Schengen,A5,13.5
BA688,Warszawa,Odwołany,2025-01-14 13:02:44,Schengen,F12,8.8
AF583,Tokio,Planowany,2025-01-14 09:13:44,Schengen,C12,5.0
LO602,Tokio,Odprawa,2025-01-14 04:16:44,Schengen,C10,21.7
AF223,Londyn,Odwołany,2025-01-14 10:04:44,Schengen,H16,2.9
AF658,Sydney,Odprawa,2025-01-14 10:20:44,Non-Schengen,D7,5.0
BA983,Moskwa,Planowany,2025-01-14 07:25:44,Non-Schengen,H10,17.7
LH217,Warszawa,Odwołany,2025-01-14 06:45:44,Non-Schengen,G7,18.8
LH168,Paryż,Odwołany,2025-01-14 06:14:44,Non-Schengen,H11,-1.9
LO778,Nowy Jork,Opóźniony,2025-01-14 13:32:44,Non-Schengen,D6,10.3
FR280,Sydney,Planowany,2025-01-14 06:22:44,Schengen,D1,25.1
LO182,Londyn,Odwołany,2025-01-14 07:44:44,Schengen,F12,-6.6
LO760,Madryt,Opóźniony,2025-01-14 08:56:44,Schengen,D15,20.6
LH613,Oslo,Planowany,2025-01-14 08:21:44,Non-Schengen,G7,11.9
LO847,Warszawa,Planowany,2025-01-14 05:46:44,Schengen,A2,-4.3
AF811,Nowy Jork,Odprawa,2025-01-14 09:50:44,Schengen,E17,18.5
AF810,Londyn,Opóźniony,2025-01-14 07:54:44,Non-Schengen,G13,15.2
LO276,Nowy Jork,Opóźniony,2025-01-14 11:48:44,Non-Schengen,F14,-10.0
LH920,Berlin,Planowany,2025-01-14 05:17:44,Schengen,H5,31.6
BA741,Warszawa,Odprawa,2025-01-14 06:14:44,Non-Schengen,E6,-3.6
LH904,Berlin,Odprawa,2025-01-14 08:03:44,Schengen,G9,32.1
LO769,Sydney,Planowany,2025-01-14 13:33:44,Schengen,H17,13.5
LH518,Tokio,Odwołany,2025-01-14 09:04:44,Non-Schengen,C8,2.2
LO773,Nowy Jork,Opóźniony,2025-01-14 10:52:44,Schengen,E7,-3.7
LO320,Warszawa,Opóźniony,2025-01-14 07:25:44,Non-Schengen,F2,26.5
LO794,Warszawa,Odwołany,2025-01-14 09:16:44,Non-Schengen,E1,26.1
LO273,Moskwa,Odwołany,2025-01-14 10:57:44,Non-Schengen,F10,5.1
LH282,Nowy Jork,Planowany,2025-01-14 07:18:44,Non-Schengen,C5,-0.8
FR925,Oslo,Planowany,2025-01-14 04:31:44,Non-Schengen,F18,3.4
LH610,Oslo,Planowany,2025-01-14 11:46:44,Non-Schengen,E6,23.4
LO627,Nowy Jork,Opóźniony,2025-01-14 12:38:44,Schengen,B8,16.3
LO166,Oslo,Opóźniony,2025-01-14 08:29:44,Schengen,A14,26.6
BA466,Sydney,Planowany,2025-01-14 09:57:44,Non-Schengen,A18,-1.0
LH913,Oslo,Odprawa,2025-01-14 12:29:44,Schengen,G10,4.2
LH392,Oslo,Planowany,2025-01-14 04:33:44,Schengen,D7,-4.3
LH986,Sydney,Odwołany,2025-01-14 05:52:44,Schengen,E15,16.1
LO472,Berlin,Opóźniony,2025-01-14 04:07:44,Non-Schengen,C12,30.5
LO993,Sydney,Opóźniony,2025-01-14 10:52:44,Non-Schengen,G11,23.2
LO120,Oslo,Opóźniony,2025-01-14 11:37:44,Non-Schengen,H16,-2.2
LO397,Tokio,Odwołany,2025-01-14 12:36:44,Schengen,D18,16.4
FR335,Moskwa,Opóźniony,2025-01-14 09:22:44,Non-Schengen,B18,32.9
BA662,Tokio,Planowany,2025-01-14 08:44:44,Schengen,E10,-7.8
BA633,Paryż,Planowany,2025-01-14 10:16:44,Non-Schengen,C14,9.8
AF972,Sydney,Planowany,2025-01-14 05:53:44,Schengen,F8,20.9
LO149,Berlin,Odwołany,2025-01-14 04:11:44,Non-Schengen,D5,4.3
LO570,Paryż,Odprawa,2025-01-14 06:18:44,Schengen,F4,17.6
BA557,Paryż,Odprawa,2025-01-14 08:43:44,Non-Schengen,G14,4.8
AF721,Londyn,Opóźniony,2025-01-14 06:42:44,Schengen,D6,27.9
LO428,Oslo,Opóźniony,2025-01-14 08:25:44,Schengen,F9,31.5
FR782,Londyn,Odwołany,2025-01-14 07:23:44,Schengen,H5,1.5
LO613,Moskwa,Opóźniony,2025-01-14 06:12:44,Non-Schengen,H3,8.5
LO793,Moskwa,Planowany,2025-01-14 06:38:44,Non-Schengen,B12,28.4
AF499,Londyn,Planowany,2025-01-14 05:10:44,Schengen,C5,33.8
LO660,Paryż,Opóźniony,2025-01-14 12:26:44,Non-Schengen,B6,-6.3
LO971,Sydney,Odprawa,2025-01-14 06:06:44,Schengen,H17,11.0
LH918,Tokio,Odprawa,2025-01-14 09:25:44,Schengen,D12,12.9
BA716,Nowy Jork,Odprawa,2025-01-14 10:17:44,Non-Schengen,G8,-4.4
LO472,Warszawa,Opóźniony,2025-01-14 09:51:44,Non-Schengen,E13,34.5
LH601,Warszawa,Opóźniony,2025-01-14 05:58:44,Schengen,B6,16.9
BA215,Londyn,Opóźniony,2025-01-14 10:26:44,Non-Schengen,F16,32.4
LO798,Sydney,Odprawa,2025-01-14 13:40:44,Non-Schengen,B5,24.0
LH450,Warszawa,Odprawa,2025-01-14 11:36:44,Schengen,C14,17.9
BA328,Nowy Jork,Planowany,2025-01-14 10:05:44,Non-Schengen,C20,32.2
BA905,Paryż,Odprawa,2025-01-14 13:45:44,Schengen,D7,27.4
LH595,Tokio,Planowany,2025-01-14 12:40:44,Schengen,G15,6.5
LH225,Sydney,Odwołany,2025-01-14 08:42:44,Schengen,G18,30.0
FR964,Paryż,Odprawa,2025-01-14 07:13:44,Non-Schengen,B3,14.1
BA825,Berlin,Opóźniony,2025-01-14 07:19:44,Non-Schengen,B17,1.8
AF248,Madryt,Planowany,2025-01-14 05:28:44,Schengen,D14,-9.9
FR974,Londyn,Odwołany,2025-01-14 07:42:44,Schengen,C4,33.1
AF615,Warszawa,Opóźniony,2025-01-14 04:42:44,Schengen,C10,17.7
BA269,Sydney,Opóźniony,2025-01-14 04:34:44,Non-Schengen,F15,-2.7
AF553,Moskwa,Opóźniony,2025-01-14 08:30:44,Schengen,G16,-9.3
AF859,Warszawa,Odprawa,2025-01-14 05:57:44,Non-Schengen,A11,34.1
LH230,Sydney,Planowany,2025-01-14 10:14:44,Schengen,A19,-0.8
LO328,Oslo,Odwołany,2025-01-14 08:29:44,Schengen,D11,12.2
LH401,Nowy Jork,Odprawa,2025-01-14 04:08:44,Non-Schengen,F14,2.3
LH455,Oslo,Odprawa,2025-01-14 10:39:44,Non-Schengen,H9,5.7
FR233,Nowy Jork,Opóźniony,2025-01-14 04:29:44,Schengen,G10,31.6
BA580,Moskwa,Odwołany,2025-01-14 04:20:44,Non-Schengen,H15,3.4
LH838,Sydney,Planowany,2025-01-14 06:37:44,Non-Schengen,B8,-5.8
LO567,Warszawa,Odwołany,2025-01-14 08:34:44,Schengen,A6,24.9
AF984,Tokio,Opóźniony,2025-01-14 08:36:44,Schengen,E6,17.1
FR616,Tokio,Opóźniony,2025-01-14 09:06:44,Schengen,F16,31.9
LO367,Warszawa,Planowany,2025-01-14 06:42:44,Schengen,G1,12.4
AF640,Warszawa,Planowany,2025-01-14 06:30:44,Schengen,D5,25.6
AF252,Sydney,Planowany,2025-01-14 05:27:44,Non-Schengen,B8,6.2
FR982,Oslo,Odprawa,2025-01-14 05:16:44,Non-Schengen,B13,-3.6
BA736,Warszawa,Planowany,2025-01-14 06:51:44,Non-Schengen,A20,21.3
BA292,Paryż,Odwołany,2025-01-14 09:43:44,Non-Schengen,E1,10.1
AF478,Moskwa,Opóźniony,2025-01-14 11:19:44,Schengen,B20,26.3
BA715,Paryż,Opóźniony,2025-01-14 08:47:44,Schengen,F1,7.0
LO620,Berlin,Odwołany,2025-01-14 08:33:44,Non-Schengen,D6,4.0
LO145,Berlin,Odprawa,2025-01-14 08:25:44,Non-Schengen,B5,31.7
LH457,Nowy Jork,Opóźniony,2025-01-14 12:44:44,Schengen,E3,30.1
LH482,Nowy Jork,Odprawa,2025-01-14 07:09:44,Schengen,A12,9.6
FR957,Tokio,Odwołany,2025-01-14 06:18:44,Schengen,H15,8.0
FR790,Berlin,Planowany,2025-01-14 14:01:44,Non-Schengen,H5,32.9
AF540,Oslo,Odwołany,2025-01-14 13:22:44,Non-Schengen,D9,9.2
FR662,Moskwa,Opóźniony,2025-01-14 11:47:44,Schengen,A6,-3.8
LH810,Warszawa,Opóźniony,2025-01-14 06:30:44,Schengen,F4,21.6
LH816,Oslo,Planowany,2025-01-14 08:46:44,Schengen,D16,-0.3
LH632,Warszawa,Planowany,2025-01-14 06:42:44,Non-Schengen,H6,1.9
LO294,Warszawa,Planowany,2025-01-14 05:22:44,Schengen,F14,18.6
AF458,Sydney,Odwołany,2025-01-14 12:52:44,Non-Schengen,H11,14.1
AF667,Moskwa,Opóźniony,2025-01-14 12:38:44,Schengen,A11,-1.6
FR156,Madryt,Odprawa,2025-01-14 04:18:44,Schengen,G1,-8.2
LO921,Londyn,Planowany,2025-01-14 04:38:44,Schengen,F18,25.9
FR138,Madryt,Planowany,2025-01-14 12:26:44,Schengen,G7,-1.6
FR748,Tokio,Odwołany,2025-01-14 07:04:44,Non-Schengen,D16,-1.4
AF526,Oslo,Planowany,2025-01-14 12:12:44,Non-Schengen,A14,30.0
LH430,Paryż,Planowany,2025-01-14 11:30:44,Schengen,F9,26.3
BA770,Sydney,Opóźniony,2025-01-14 09:54:44,Non-Schengen,A16,25.9
LH693,Berlin,Opóźniony,2025-01-14 04:25:44,Non-Schengen,A11,24.6
LH211,Paryż,Planowany,2025-01-14 11:00:44,Non-Schengen,E9,5.4
LH160,Paryż,Opóźniony,2025-01-14 07:13:44,Non-Schengen,G1,20.7
BA201,Oslo,Planowany,2025-01-14 10:35:44,Non-Schengen,E1,15.4
AF875,Berlin,Planowany,2025-01-14 05:57:44,Schengen,F19,32.3
BA142,Oslo,Planowany,2025-01-14 05:33:44,Schengen,B18,6.4
FR853,Londyn,Planowany,2025-01-14 13:18:44,Schengen,F20,-6.2
BA177,Berlin,Opóźniony,2025-01-14 09:17:44,Schengen,E10,0.8
LO503,Paryż,Planowany,2025-01-14 13:28:44,Schengen,H11,0.7
AF724,Tokio,Odprawa,2025-01-14 09:33:44,Schengen,F10,31.6
BA955,Londyn,Odwołany,2025-01-14 09:49:44,Schengen,B6,18.4
AF695,Londyn,Planowany,2025-01-14 12:33:44,Non-Schengen,D1,17.0
FR461,Paryż,Planowany,2025-01-14 05:48:44,Non-Schengen,H6,11.1
BA331,Oslo,Odprawa,2025-01-14 07:15:44,Non-Schengen,F11,30.6
LH833,Moskwa,Odprawa,2025-01-14 13:51:44,Non-Schengen,G1,13.5
AF369,Londyn,Odwołany,2025-01-14 08:50:44,Non-Schengen,D16,18.5
FR570,Madryt,Planowany,2025-01-14 05:27:44,Non-Schengen,C8,5.3
LO767,Tokio,Odwołany,2025-01-14 09:09:44,Schengen,B15,34.8
LH962,Moskwa,Opóźniony,2025-01-14 10:37:44,Schengen,H4,8.7
LO905,Londyn,Odprawa,2025-01-14 12:33:44,Non-Schengen,G12,12.3
LO710,Londyn,Planowany,2025-01-14 12:07:44,Schengen,E8,33.5
LO231,Tokio,Planowany,2025-01-14 10:48:44,Schengen,E5,22.4
LO666,Berlin,Odprawa,2025-01-14 13:17:44,Non-Schengen,D3,21.1
LH371,Madryt,Planowany,2025-01-14 04:21:44,Non-Schengen,H14,21.5
FR193,Tokio,Odprawa,2025-01-14 05:21:44,Schengen,C5,30.8
LH316,Nowy Jork,Odprawa,2025-01-14 10:54:44,Schengen,H13,-1.3
AF211,Madryt,Opóźniony,2025-01-14 04:38:44,Schengen,E16,16.8
AF104,Tokio,Odprawa,2025-01-14 08:21:44,Non-Schengen,C5,21.2
FR738,Berlin,Odwołany,2025-01-14 09:00:44,Non-Schengen,D8,14.9
BA346,Madryt,Planowany,2025-01-14 11:56:44,Schengen,A7,24.9
BA881,Moskwa,Planowany,2025-01-14 12:31:44,Non-Schengen,F11,26.9
LO463,Nowy Jork,Odwołany,2025-01-14 05:56:44,Non-Schengen,G13,10.1
AF801,Warszawa,Planowany,2025-01-14 08:36:44,Non-Schengen,G15,3.8
LH729,Oslo,Odprawa,2025-01-14 07:04:44,Non-Schengen,C17,-5.3
LH212,Warszawa,Planowany,2025-01-14 04:53:44,Schengen,A20,28.8
LO342,Oslo,Planowany,2025-01-14 12:33:44,Non-Schengen,B1,-7.6
AF810,Londyn,Odprawa,2025-01-14 06:52:44,Non-Schengen,C14,-2.5
LH914,Oslo,Odprawa,2025-01-14 08:39:44,Schengen,G16,-7.0
FR252,Londyn,Odprawa,2025-01-14 12:47:44,Non-Schengen,A20,-5.7
FR110,Berlin,Odwołany,2025-01-14 09:59:44,Non-Schengen,A15,25.6
FR870,Nowy Jork,Odprawa,2025-01-14 08:14:44,Schengen,H9,24.9
FR270,Tokio,Opóźniony,2025-01-14 13:50:44,Schengen,F10,8.6
LH624,Sydney,Planowany,2025-01-14 11:39:44,Non-Schengen,C12,-5.7
BA187,Madryt,Planowany,2025-01-14 07:51:44,Non-Schengen,A15,14.4
LH888,Berlin,Odprawa,2025-01-14 06:57:44,Non-Schengen,G20,11.0
BA588,Londyn,Odprawa,2025-01-14 04:31:44,Schengen,B3,18.7
LH296,Oslo,Opóźniony,2025-01-14 07:47:44,Schengen,H13,11.4
LH194,Moskwa,Planowany,2025-01-14 04:43:44,Schengen,B12,3.4
FR112,Warszawa,Opóźniony,2025-01-14 10:41:44,Non-Schengen,H4,30.4
FR683,Moskwa,Opóźniony,2025-01-14 06:30:44,Non-Schengen,G10,-4.6
FR393,Warszawa,Odwołany,2025-01-14 09:46:44,Non-Schengen,C10,23.4
LH997,Paryż,Odprawa,2025-01-14 10:54:44,Non-Schengen,A14,29.6
BA539,Paryż,Odprawa,2025-01-14 12:12:44,Schengen,G2,-2.8
FR256,Moskwa,Odprawa,2025-01-14 10:12:44,Schengen,F19,25.4
BA403,Nowy Jork,Odwołany,2025-01-14 07:05:44,Non-Schengen,A16,8.8
AF506,Tokio,Planowany,2025-01-14 10:50:44,Schengen,H18,15.9
AF411,Paryż,Odprawa,2025-01-14 12:02:44,Non-Schengen,B3,-2.8
AF926,Sydney,Opóźniony,2025-01-14 09:21:44,Non-Schengen,E8,18.1
BA207,Moskwa,Odprawa,2025-01-14 06:03:44,Schengen,F7,31.0
LH313,Berlin,Odprawa,2025-01-14 05:49:44,Schengen,C17,16.1
LO638,Paryż,Opóźniony,2025-01-14 05:49:44,Non-Schengen,A5,8.3
FR512,Madryt,Odwołany,2025-01-14 13:50:44,Schengen,A1,8.4
LO663,Paryż,Odwołany,2025-01-14 05:53:44,Non-Schengen,C3,-6.8
BA704,Moskwa,Opóźniony,2025-01-14 06:26:44,Non-Schengen,B11,-5.6
BA335,Tokio,Opóźniony,2025-01-14 11:09:44,Schengen,E9,4.5
LO167,Nowy Jork,Opóźniony,2025-01-14 11:37:44,Non-Schengen,E18,17.6
LO192,Madryt,Odwołany,2025-01-14 09:02:44,Non-Schengen,F10,-7.4
FR941,Moskwa,Planowany,2025-01-14 12:30:44,Non-Schengen,A3,28.0
LH862,Moskwa,Planowany,2025-01-14 08:41:44,Schengen,E9,9.9
FR479,Madryt,Odprawa,2025-01-14 10:05:44,Non-Schengen,E19,33.9
FR465,Nowy Jork,Planowany,2025-01-14 13:39:44,Non-Schengen,H14,28.9
BA846,Nowy Jork,Odprawa,2025-01-14 13:25:44,Schengen,E2,19.1
LO959,Paryż,Odprawa,2025-01-14 07:23:44,Schengen,C10,26.7
FR647,Sydney,Opóźniony,2025-01-14 07:56:44,Non-Schengen,A2,-2.8
LO832,Warszawa,Opóźniony,2025-01-14 06:20:44,Non-Schengen,G14,4.8
FR815,Berlin,Planowany,2025-01-14 13:38:44,Schengen,D3,25.6
LO512,Londyn,Planowany,2025-01-14 13:47:44,Schengen,H19,-9.2
BA410,Warszawa,Planowany,2025-01-14 10:01:44,Schengen,H7,4.9
FR473,Sydney,Odwołany,2025-01-14 05:37:44,Non-Schengen,G10,-6.2
LO955,Oslo,Opóźniony,2025-01-14 08:38:44,Schengen,F13,1.5
LH617,Londyn,Planowany,2025-01-14 10:04:44,Non-Schengen,F3,3.5
AF307,Tokio,Odwołany,2025-01-14 10:43:44,Schengen,E18,33.8
AF979,Madryt,Odprawa,2025-01-14 12:41:44,Schengen,G6,8.0
